{"min":23824,"array":[{"result":[47,1,18,99,29,34,50,36,61,59,43,3,92,42,70,38,72,14,68,51,45,7,65,37,33,80,83,40,23,26,87,78,12,49,0,31,93,96,97,48,69,88,89,16,10,22,41,21,57,28,35,66,74,6,73,60,71,56,75,79,77,30,98,44,32,67,13,64,85,95,15,62,90,53,76,63,58,82,39,5,84,81,17,24,19,8,9,20,46,27,11,55,94,86,25,54,2,52,4,91,47],"resultPathLength":23824,"tt":268254.8122000694,"te":268293.4758000374,"total_time":38.66359996795654}]}