{"min":35131,"array":[{"result":[30,43,17,6,27,5,36,18,26,16,42,29,35,45,32,11,10,22,2,39,8,7,0,21,15,40,33,13,12,24,47,4,28,1,41,25,3,34,44,9,23,31,38,20,46,19,14,37,30],"resultPathLength":35131,"tt":306534.3572998047,"te":306542.76170015335,"total_time":8.40440034866333}]}