{"min":34398,"array":[{"result":[14,11,10,22,33,40,15,21,2,13,12,24,47,4,28,1,41,25,3,34,44,9,23,31,38,20,46,19,32,45,35,5,36,18,26,16,42,29,27,6,17,43,30,37,7,0,8,39,14],"resultPathLength":34398,"tt":35946.0936999321,"te":35951.25220012665,"total_time":5.1585001945495605}]}