{"min":2067,"array":[{"result":[24,6,22,26,7,23,0,27,5,11,8,4,25,28,2,1,20,19,3,9,12,15,18,14,17,16,13,21,10,24],"resultPathLength":2067,"tt":278667.48259973526,"te":278672.4861998558,"total_time":5.003600120544434}]}