{"min":656,"array":[{"result":[84,90,15,85,37,13,43,99,36,97,92,98,58,95,94,91,96,86,41,42,14,56,1,39,20,72,71,73,21,40,74,55,22,66,38,3,24,54,53,11,79,67,23,28,77,33,8,80,32,78,2,76,75,49,0,69,29,50,70,34,64,65,19,31,89,9,87,30,68,51,26,27,100,52,25,57,12,93,5,88,59,82,17,81,6,47,18,61,10,62,63,48,35,46,45,7,44,16,83,4,60,84],"resultPathLength":656,"tt":264376.2987999916,"te":264424.2610001564,"total_time":47.96220016479492}]}