{"min":118773,"array":[{"result":[54,55,50,65,64,70,71,72,63,62,56,61,60,57,58,59,40,39,38,37,36,17,16,35,34,33,32,31,27,28,25,29,30,18,19,2,3,4,9,10,15,14,73,13,12,11,8,5,6,7,1,75,74,0,22,21,20,23,24,45,44,46,68,69,67,66,49,48,47,43,26,42,53,41,52,51,54],"resultPathLength":118773,"tt":266748.31149959564,"te":266771.3052997589,"total_time":22.993800163269043}]}