{"min":580,"array":[{"result":[62,32,5,67,74,3,75,66,33,45,7,18,53,12,51,26,44,47,28,4,14,56,19,69,59,70,68,36,35,46,20,60,27,73,29,1,72,0,61,21,63,41,42,40,55,22,23,48,43,2,39,31,49,17,54,24,8,38,11,71,57,9,30,37,10,64,65,58,13,52,34,6,25,16,50,15,62],"resultPathLength":580,"tt":267592.01679992676,"te":267614.9986000061,"total_time":22.981800079345703}]}