{"min":33628,"array":[{"result":[35,29,42,16,26,18,36,5,27,6,17,43,30,37,7,0,8,39,14,11,10,22,12,24,13,33,2,21,15,40,28,1,25,3,34,44,9,23,41,4,47,38,31,20,46,19,32,45,35],"resultPathLength":33628,"tt":26663430.502300024,"te":26663449.631900072,"total_time":19.129600048065186}]}