{"min":727,"array":[{"result":[40,39,38,37,36,35,34,33,32,31,30,29,28,27,25,26,23,22,21,20,19,18,16,17,15,14,13,12,11,10,9,24,8,7,6,5,4,3,2,1,0,41,40],"resultPathLength":727,"tt":307114.29419994354,"te":307121.1714000702,"total_time":6.877200126647949}]}