{"min":2085,"array":[{"result":[13,16,5,7,6,12,3,0,15,11,8,4,1,9,10,2,14,13],"resultPathLength":2085,"tt":308334.99510002136,"te":308336.45160007477,"total_time":1.4565000534057617},{"result":[12,3,0,15,11,8,4,1,9,10,2,14,13,16,5,7,6,12],"resultPathLength":2085,"tt":308381.33890008926,"te":308383.3881998062,"total_time":2.049299716949463}]}