{"min":22587,"array":[{"result":[63,54,41,66,46,30,64,79,76,29,22,67,34,1,53,5,74,21,7,16,24,89,33,57,97,87,27,38,37,70,55,4,42,85,71,61,82,49,93,94,90,69,75,20,88,40,58,2,72,68,73,56,99,32,44,96,80,95,86,51,10,83,47,50,62,15,43,65,18,98,91,9,35,13,59,3,92,48,28,17,36,8,81,77,6,25,60,31,23,45,11,39,0,52,84,14,26,12,78,19,63],"resultPathLength":22587,"tt":257254.36609983444,"te":257292.12239980698,"total_time":37.75629997253418}]}