{"min":133682,"array":[{"result":[46,52,47,117,93,44,43,102,39,34,36,35,13,11,15,0,1,50,56,53,55,4,120,49,51,123,65,54,64,112,63,57,99,89,59,115,2,9,114,12,119,6,104,14,19,107,5,105,113,10,8,23,22,18,3,21,16,20,71,7,17,76,75,74,69,68,108,70,73,67,72,66,58,61,60,90,124,91,88,98,103,109,84,85,86,87,95,118,62,101,100,82,81,125,80,83,116,77,79,78,30,26,29,40,42,33,38,41,37,25,24,32,28,31,121,27,96,97,122,94,92,126,106,110,111,45,48,46],"resultPathLength":133682,"tt":197419.20239973068,"te":197481.03269958496,"total_time":61.830299854278564}]}