{"min":7572,"array":[{"result":[130,31,22,37,66,133,137,53,104,110,91,45,89,82,55,25,145,74,84,17,141,64,54,131,136,101,113,18,98,5,27,8,36,1,119,41,39,138,46,109,80,85,28,107,134,69,49,57,140,24,19,50,108,42,115,11,52,23,117,126,68,35,60,147,10,129,16,65,59,139,116,56,38,100,40,26,128,30,143,48,146,144,135,111,122,73,12,105,67,118,90,127,44,70,43,63,20,124,149,114,3,103,21,148,61,2,87,93,112,9,62,47,72,75,86,0,102,97,33,29,83,6,81,94,106,4,99,142,96,123,7,88,95,34,92,125,32,51,120,78,58,77,14,15,132,79,71,13,121,76,130],"resultPathLength":7572,"tt":236641.92479991913,"te":236748.71000003815,"total_time":106.78520011901855}]}