{"min":23251,"array":[{"result":[66,30,46,41,54,19,63,78,14,12,26,84,0,52,39,11,45,28,48,17,36,60,31,23,25,6,77,81,8,15,50,62,43,65,18,98,9,91,47,83,51,10,86,95,96,80,32,44,99,73,35,56,13,92,3,59,68,2,58,72,88,40,20,67,29,1,34,22,69,75,90,93,94,49,82,61,71,85,42,4,55,37,70,38,27,87,57,97,89,33,16,24,7,21,74,53,5,79,76,64,66],"resultPathLength":23387,"tt":289012.96700000763,"te":289048.6213002205,"total_time":35.65430021286011}]}