{"min":7614,"array":[{"result":[91,32,125,145,96,142,99,4,106,94,81,0,97,102,6,83,29,7,88,95,34,123,92,51,104,110,15,58,78,77,14,132,76,121,13,79,71,48,146,144,135,111,63,43,20,87,120,93,112,9,62,33,86,75,72,47,61,2,148,124,21,103,3,114,149,70,44,127,118,67,90,105,12,73,122,30,26,128,143,22,37,31,130,42,108,66,115,100,40,38,56,116,59,139,65,16,129,10,147,60,68,35,126,117,11,23,52,39,138,41,119,46,109,80,28,1,36,8,5,27,18,98,113,101,107,69,134,85,49,136,131,84,17,141,74,25,55,82,64,57,54,140,19,50,24,89,45,53,137,133,91],"resultPathLength":7614,"tt":209441.16639995575,"te":209535.71249961853,"total_time":94.54609966278076}]}