{"min":17156,"array":[{"result":[116,120,122,123,168,124,125,130,131,129,132,134,140,142,144,145,148,151,152,147,146,141,139,133,137,138,153,155,154,156,157,158,159,160,161,149,150,162,163,165,164,171,188,187,189,190,191,186,185,192,195,196,197,194,178,193,184,183,179,177,173,175,172,174,176,180,182,181,170,127,136,143,135,128,126,169,167,166,107,108,109,118,119,117,110,105,106,111,112,104,91,78,90,79,63,62,47,48,49,50,51,46,34,38,33,32,35,36,37,31,30,28,29,27,26,25,24,23,21,20,19,18,17,22,16,15,14,13,39,0,1,6,2,5,3,4,7,9,8,10,11,12,40,56,57,68,84,70,85,99,98,83,86,69,72,71,67,59,66,58,42,41,55,54,43,53,44,60,65,61,45,52,74,81,73,82,87,97,96,88,89,95,94,80,64,75,76,77,93,92,100,101,102,103,113,114,121,115,116],"resultPathLength":17156,"tt":248469.0587000847,"te":248691.94479990005,"total_time":222.88609981536865}]}