{"min":34730,"array":[{"result":[136,95,118,91,18,150,199,129,43,101,147,191,40,16,35,44,77,154,12,125,186,62,30,194,47,155,50,127,120,146,111,14,32,5,3,86,113,167,132,65,144,198,130,156,177,56,179,93,175,60,171,34,70,26,160,11,173,89,94,0,97,31,106,174,166,58,135,28,7,98,75,96,90,128,27,157,2,10,92,121,72,84,52,169,148,197,69,66,196,4,131,61,25,99,55,80,78,112,178,187,123,126,64,46,140,138,172,114,168,71,183,36,79,19,37,151,107,165,137,85,48,180,133,29,74,149,100,68,193,116,39,38,188,189,110,67,9,141,122,20,145,45,8,24,33,6,83,57,51,195,185,73,164,59,88,42,115,162,53,153,190,176,142,87,22,21,170,103,192,143,54,49,163,158,184,117,181,82,119,13,124,63,81,109,41,108,1,15,182,105,139,102,104,76,152,159,23,17,161,134,136],"resultPathLength":34730,"tt":276914.1820001602,"te":277101.5209002495,"total_time":187.33890008926392}]}