{"min":3209,"array":[{"result":[276,3,278,2,279,1,0,4,6,5,8,7,10,9,11,12,14,13,271,270,16,15,132,131,130,129,128,126,127,20,19,18,17,22,23,24,21,25,26,27,28,31,30,32,33,35,34,36,37,38,39,40,41,42,59,60,117,118,156,119,121,120,122,123,29,124,125,153,154,152,155,151,150,157,158,159,174,160,161,173,170,171,105,172,106,104,103,102,91,89,90,79,80,88,111,87,81,82,108,107,109,110,112,113,114,116,115,85,86,83,84,64,62,61,58,44,43,53,50,51,52,49,48,47,46,45,54,55,56,57,63,67,68,66,65,69,70,71,72,73,76,74,75,78,77,94,95,96,93,97,92,98,99,100,101,168,169,166,167,165,164,163,162,183,185,184,186,187,188,189,190,192,191,193,196,198,197,194,195,200,201,202,204,203,199,143,141,142,145,144,182,181,179,180,178,175,176,177,149,148,138,146,147,140,139,264,265,137,136,266,267,135,134,269,133,268,263,262,261,260,272,273,274,275,259,258,256,257,255,253,252,251,254,248,250,249,246,243,242,241,240,239,244,245,238,237,236,230,231,232,235,234,233,226,227,225,224,223,222,221,220,219,216,217,218,214,215,213,212,211,210,206,205,207,208,209,228,229,247,277,276],"resultPathLength":3209,"tt":7427.118899822235,"te":7847.36310005188,"total_time":420.2442002296448}]}