{"min":7478,"array":[{"result":[25,145,96,99,142,4,94,106,81,102,6,83,7,88,95,29,33,97,0,86,75,72,47,62,9,112,2,61,148,124,21,103,3,127,67,118,90,105,12,73,135,122,30,26,128,116,139,40,38,56,129,59,65,16,147,10,60,68,35,126,117,23,115,100,143,146,48,71,144,111,63,43,70,44,114,149,20,77,14,132,13,79,121,76,130,31,22,37,66,42,11,52,39,138,119,46,41,8,27,5,36,1,18,98,113,101,107,69,134,136,131,84,141,17,64,54,57,49,85,28,80,109,108,50,19,24,140,82,55,89,91,53,45,137,133,104,110,15,58,78,87,93,120,51,32,125,92,34,123,74,25],"resultPathLength":7478,"tt":215109.76399993896,"te":215224.48000001907,"total_time":114.71600008010864}]}