{"min":953,"array":[{"result":[1,0,14,13,9,10,12,11,24,23,22,25,21,20,16,17,19,18,15,8,7,6,4,5,3,2,1],"resultPathLength":953,"tt":272014.8638997078,"te":272019.2226996422,"total_time":4.358799934387207}]}