{"min":584,"array":[{"result":[47,3,74,67,5,1,72,0,62,32,61,27,73,29,44,45,7,6,37,64,10,65,58,13,52,34,18,53,12,56,14,36,19,69,59,70,35,68,20,60,21,63,41,42,40,55,22,48,23,17,49,24,54,30,9,57,71,38,8,31,43,2,15,50,16,39,11,25,75,66,33,51,26,28,4,46,47],"resultPathLength":584,"tt":243062.22510004044,"te":243094.52099990845,"total_time":32.295899868011475}]}