{"min":15774,"array":[{"result":[98,99,94,93,87,86,65,64,59,60,38,37,34,33,13,12,3,4,8,7,11,2,1,0,5,6,9,10,20,14,21,28,29,31,30,32,27,22,102,19,23,26,18,15,16,17,25,24,35,36,41,40,42,45,51,52,57,56,53,46,50,43,103,39,44,47,48,49,54,55,58,63,104,61,62,69,68,73,74,80,79,72,75,78,76,71,66,67,70,77,81,82,84,83,85,88,89,90,91,95,96,101,100,92,97,98],"resultPathLength":15774,"tt":263075.1380996704,"te":263126.9994997978,"total_time":51.86140012741089}]}