{"min":23632,"array":[{"result":[19,6,8,56,86,50,60,24,80,68,63,53,39,1,81,94,75,12,32,43,49,72,67,84,38,29,95,4,36,77,51,47,99,40,70,13,2,42,28,45,33,82,54,11,26,34,85,61,59,22,97,90,44,31,46,10,16,14,58,73,20,71,83,35,98,23,37,17,93,21,15,69,65,25,64,3,52,87,78,9,62,5,48,89,18,74,96,55,79,30,88,41,7,91,0,92,27,66,57,76,19],"resultPathLength":23889,"tt":269708.3559999466,"te":269757.51070022583,"total_time":49.15470027923584}]}