{"min":116003,"array":[{"result":[6,7,8,9,11,12,13,73,14,15,10,16,17,35,36,37,38,40,39,33,34,31,32,27,42,41,53,52,48,49,65,64,50,51,54,55,57,56,58,59,60,61,62,63,72,71,70,69,66,67,68,46,47,43,44,45,23,25,26,28,29,30,18,19,24,20,21,22,0,75,74,1,2,3,4,5,6],"resultPathLength":116003,"tt":302252.23299980164,"te":302285.07399988174,"total_time":32.84100008010864}]}