{"min":3211,"array":[{"result":[123,122,121,120,119,118,156,150,177,151,155,152,154,153,129,130,131,132,17,18,19,20,128,127,126,125,28,27,25,26,21,24,22,15,270,271,272,273,260,259,261,262,263,264,139,140,147,146,141,142,144,145,198,197,192,183,184,186,187,185,188,189,190,191,193,196,194,195,201,143,199,200,202,203,219,220,221,222,223,225,224,217,218,216,215,214,213,210,209,206,212,211,204,205,207,251,254,253,252,208,229,250,249,244,240,239,238,237,236,235,234,233,226,228,227,232,231,230,245,243,246,247,248,255,256,257,258,274,275,276,3,277,278,2,242,241,1,279,0,4,5,6,8,7,10,9,11,14,12,13,23,16,133,134,268,269,135,267,136,266,265,137,148,138,149,178,179,181,182,180,176,175,157,159,158,174,160,161,162,163,164,165,166,167,168,169,171,170,172,173,106,105,104,103,102,101,100,99,98,91,90,93,94,95,96,97,92,79,80,78,77,76,75,74,73,72,71,83,84,86,82,87,81,89,88,107,108,109,110,111,113,114,112,85,64,65,70,69,68,66,67,63,61,62,115,116,117,60,59,41,39,38,40,42,44,45,43,58,57,56,55,54,53,46,47,52,51,50,48,49,36,37,35,34,33,30,31,32,29,124,123],"resultPathLength":3211,"tt":11454.062999725342,"te":11839.379999637604,"total_time":385.31699991226196}]}