{"min":17292,"array":[{"result":[118,117,116,120,121,115,114,103,102,101,92,93,100,94,95,89,80,74,81,88,97,96,87,82,73,65,60,53,44,43,41,42,54,55,58,67,66,59,69,71,72,83,86,98,99,84,85,70,57,68,56,40,12,11,10,9,8,7,4,5,6,0,1,2,3,39,15,16,13,14,37,30,28,29,31,36,35,32,33,27,21,22,17,19,18,20,23,25,24,26,38,34,46,51,45,61,52,64,75,76,77,63,50,49,47,48,62,79,78,91,90,104,113,111,112,105,110,106,109,108,107,166,167,181,180,175,172,173,174,176,179,177,178,193,197,196,195,194,185,192,191,186,184,183,182,187,190,188,189,165,163,164,171,170,127,169,126,125,130,132,129,128,135,136,143,150,162,149,148,151,161,160,152,147,159,158,157,156,155,154,153,138,122,123,137,141,146,145,144,142,139,140,134,133,131,124,168,119,118],"resultPathLength":17292,"tt":219226.5759997368,"te":219392.23149967194,"total_time":165.65549993515015}]}