{"min":17115,"array":[{"result":[87,81,74,61,65,73,82,86,98,83,69,66,59,58,67,72,71,84,99,85,70,68,57,56,11,12,9,10,8,7,4,5,2,1,6,0,3,39,15,14,16,17,18,19,20,24,25,26,23,21,22,27,33,32,31,29,28,13,40,41,42,55,54,43,60,53,44,37,30,36,35,45,52,51,64,80,75,76,50,46,38,34,47,49,48,62,63,77,79,78,91,90,104,112,105,111,106,110,109,108,107,166,167,181,175,172,173,174,180,182,176,177,183,179,184,178,193,197,194,196,195,186,185,192,191,187,190,189,188,170,127,169,126,128,129,125,168,124,130,132,131,133,134,135,136,171,165,164,163,162,150,149,143,140,142,145,144,148,151,161,160,159,152,147,146,141,139,137,158,156,157,155,153,154,138,122,123,119,118,117,116,114,121,120,115,113,103,102,101,100,92,93,94,95,89,88,96,97,87],"resultPathLength":17115,"tt":222400.78459978104,"te":222673.59689998627,"total_time":272.8123002052307}]}