{"min":15916,"array":[{"result":[20,21,28,29,30,31,32,36,35,103,44,39,48,49,47,54,55,104,58,56,53,50,46,43,42,40,41,45,51,52,57,61,62,68,69,73,74,80,75,79,72,63,66,70,67,71,78,76,83,77,81,82,84,85,90,91,95,96,101,100,92,88,89,97,98,94,99,93,87,86,65,64,60,59,38,37,34,33,13,12,3,4,8,7,15,16,24,17,25,18,23,26,27,22,19,102,11,0,2,1,5,6,9,10,14,20],"resultPathLength":15916,"tt":272276.8759999275,"te":272322.06459999084,"total_time":45.188600063323975}]}