{"min":734,"array":[{"result":[29,30,31,32,33,34,36,35,37,38,39,40,0,41,1,2,3,4,5,6,7,8,9,11,10,12,13,14,15,16,17,18,19,20,21,22,23,24,25,26,28,27,29],"resultPathLength":734,"tt":271096.56699991226,"te":271103.13749980927,"total_time":6.570499897003174}]}