{"min":706,"array":[{"result":[12,16,15,13,14,17,18,19,20,21,22,23,24,25,26,27,28,32,31,29,30,33,34,35,36,37,38,39,40,41,0,1,2,3,4,5,6,7,8,9,10,11,12],"resultPathLength":706,"tt":48452.006600141525,"te":48460.51770019531,"total_time":8.511100053787231}]}