{"min":110503,"array":[{"result":[271,275,262,263,279,254,236,230,220,209,190,217,188,179,177,152,157,148,137,147,124,89,80,107,112,125,154,132,162,143,163,185,184,195,210,196,144,129,111,86,114,113,103,93,92,99,81,58,54,56,44,34,33,31,29,23,28,24,22,19,17,12,13,16,21,27,35,25,32,36,41,45,50,51,46,43,47,42,53,52,37,38,30,18,15,4,14,11,10,9,7,8,6,5,1,0,3,2,20,26,39,57,67,76,83,79,69,88,101,106,104,110,109,117,134,118,77,74,85,90,66,72,55,91,75,40,49,100,115,126,121,127,136,151,164,201,212,267,265,228,292,326,319,300,234,170,171,183,141,120,60,61,87,94,97,172,68,138,156,116,198,237,238,336,353,382,400,389,431,397,388,368,355,376,349,273,335,329,250,360,346,301,289,310,284,216,219,242,243,221,191,239,255,277,316,313,352,340,362,330,377,385,405,420,421,465,463,456,445,451,464,471,474,472,475,488,484,487,479,505,506,510,502,507,511,512,524,522,523,517,514,516,519,520,515,526,529,528,513,527,496,478,442,498,486,525,509,508,503,521,470,490,477,499,501,491,504,518,495,492,493,483,454,457,449,441,473,494,530,531,497,500,489,480,460,476,466,455,430,427,395,393,392,374,411,439,453,458,461,448,481,485,482,440,410,384,371,354,359,328,342,334,348,370,369,383,364,373,394,344,331,325,294,248,247,203,193,244,269,278,283,280,298,307,323,333,320,304,318,311,293,245,200,199,206,204,189,178,208,197,223,192,167,214,240,260,264,253,276,299,285,295,314,327,338,343,339,315,317,312,272,233,249,257,291,302,281,256,225,211,146,122,161,176,153,180,173,174,169,182,187,181,207,227,226,231,222,194,186,158,145,130,135,102,119,108,133,155,165,166,175,149,140,128,139,160,150,159,123,98,71,82,95,73,65,64,70,62,59,48,63,78,96,84,105,131,142,168,205,213,282,274,246,232,218,229,224,202,215,241,235,268,258,251,252,259,270,261,286,288,266,306,303,332,321,322,308,297,296,287,305,324,345,350,337,361,365,356,363,378,347,351,358,366,379,399,417,406,432,469,467,468,462,446,444,434,418,409,391,381,375,372,367,387,390,380,401,416,423,436,429,426,419,422,425,404,403,396,402,407,413,415,424,435,438,437,443,459,452,450,447,433,428,412,408,414,398,386,357,341,309,290,271],"resultPathLength":110503,"tt":42691.315599918365,"te":44583.23979997635,"total_time":1891.9242000579834}]}