{"min":714,"array":[{"result":[60,15,43,85,37,13,42,14,41,86,56,1,40,21,22,55,74,73,72,71,3,20,39,57,12,52,100,27,26,68,0,49,75,25,11,53,54,38,66,24,23,28,76,67,79,2,78,32,8,80,77,33,34,64,70,65,19,50,29,69,30,87,61,18,10,9,31,89,62,63,48,35,46,47,45,81,6,51,17,7,44,16,83,82,59,4,98,58,95,88,5,93,94,96,91,92,97,36,99,90,84,60],"resultPathLength":714,"tt":238905.53590011597,"te":238940.934800148,"total_time":35.39890003204346}]}