{"min":16130,"array":[{"result":[90,91,95,100,96,101,92,88,89,97,98,99,94,93,87,86,65,64,59,60,37,38,34,33,13,12,4,3,8,7,2,0,5,1,6,9,10,14,20,21,28,29,30,31,32,26,18,23,22,27,19,102,11,15,16,17,24,25,36,35,41,40,42,45,51,52,57,56,53,46,43,50,49,47,103,44,39,48,54,55,104,58,61,62,69,68,73,74,80,72,79,75,85,78,83,76,71,63,66,70,67,77,81,82,84,90],"resultPathLength":16130,"tt":298609.0611000061,"te":298655.17309999466,"total_time":46.11199998855591}]}