{"min":34881,"array":[{"result":[193,131,4,66,196,39,38,197,69,148,52,169,188,110,67,9,141,72,84,121,92,10,2,157,128,27,90,96,98,75,7,28,94,0,97,135,58,174,166,31,106,11,173,160,70,26,34,60,171,156,198,130,144,65,132,113,167,177,93,179,175,56,164,73,59,86,3,5,14,111,127,50,155,194,47,62,30,125,186,154,12,108,1,109,41,119,13,124,63,81,120,146,32,82,181,88,117,184,158,49,105,139,182,102,15,76,104,17,77,191,16,44,35,118,40,147,101,43,129,199,91,95,136,18,150,134,161,23,152,159,143,192,22,21,170,87,138,172,46,78,187,112,178,80,55,99,100,149,25,61,68,29,133,180,37,151,19,79,74,126,123,64,140,183,71,36,114,162,53,115,153,190,176,142,103,54,163,42,185,195,51,57,83,6,168,33,24,8,45,145,89,20,122,107,165,137,85,48,189,116,193],"resultPathLength":34881,"tt":247043.96519994736,"te":247257.01039981842,"total_time":213.04519987106323}]}