{"min":1745,"array":[{"result":[306,305,304,307,288,298,285,278,255,256,257,258,259,245,232,233,261,260,280,262,263,264,265,247,246,249,248,268,267,284,266,293,301,331,320,332,302,297,294,287,296,303,295,283,281,282,269,242,241,235,220,243,250,252,251,254,253,236,229,221,212,207,197,187,185,186,196,184,183,181,180,182,211,219,218,206,234,228,216,210,217,205,195,179,177,178,163,168,162,167,161,160,150,159,172,171,194,173,174,176,175,203,227,215,204,214,244,270,230,240,231,188,158,165,157,134,97,98,122,149,123,124,144,151,152,145,139,125,126,127,128,129,106,105,107,108,146,140,153,130,110,109,111,112,84,85,86,96,113,132,131,154,114,115,121,116,66,93,92,91,90,89,88,87,65,76,75,74,73,56,63,83,81,82,103,104,102,101,100,99,78,79,80,40,51,53,58,69,77,70,47,9,8,10,12,11,13,14,15,16,41,17,18,0,3,2,1,19,20,42,52,54,59,60,95,72,61,55,62,23,22,21,4,5,6,24,43,44,64,57,45,25,46,26,27,28,29,30,7,32,31,33,34,35,36,37,38,39,48,49,50,71,68,67,94,119,120,136,137,135,118,117,133,138,141,155,147,142,143,148,156,164,166,169,170,190,191,192,193,223,209,222,213,208,198,189,199,200,202,226,201,225,224,237,238,239,277,276,275,274,273,272,271,313,308,321,322,325,309,314,310,315,323,311,324,326,337,383,381,408,409,370,369,406,407,405,404,403,401,400,410,392,390,391,389,388,372,376,377,393,394,396,395,397,398,399,402,378,368,334,340,348,367,374,357,366,356,347,333,339,346,364,355,373,363,354,345,338,353,362,330,319,344,352,361,343,360,351,387,375,386,385,384,382,365,379,380,358,349,341,335,336,359,371,350,342,327,317,316,328,318,329,292,279,289,290,291,286,300,299,312,306],"resultPathLength":1745,"tt":18958.63170003891,"te":19625.002299785614,"total_time":666.3705997467041}]}