{"min":2085,"array":[{"result":[1,4,8,11,15,0,3,12,6,7,5,16,13,14,2,10,9,1],"resultPathLength":2085,"tt":280028.1452999115,"te":280029.80369997025,"total_time":1.658400058746338}]}