{"min":131201,"array":[{"result":[23,22,18,3,21,20,16,19,14,113,104,0,6,1,15,36,34,35,40,42,33,38,41,39,43,102,44,53,56,50,120,4,51,55,123,54,65,46,48,52,47,117,45,93,111,110,106,126,94,92,122,97,96,31,28,27,121,32,24,37,25,26,29,13,11,30,78,79,77,116,75,73,76,17,7,71,66,72,67,69,70,68,74,80,83,125,81,82,100,101,62,118,95,87,85,86,84,108,109,103,124,88,91,98,64,112,63,57,90,61,60,58,59,89,115,99,114,49,12,119,9,2,8,10,5,105,107,23],"resultPathLength":131201,"tt":220595.21150016785,"te":220709.61649990082,"total_time":114.40499973297119}]}