{"min":34757,"array":[{"result":[20,31,38,47,4,41,23,9,44,34,3,25,1,28,40,33,2,21,15,7,0,39,14,8,37,30,43,17,6,27,5,36,26,18,16,42,29,35,45,32,11,19,46,10,22,13,24,12,20],"resultPathLength":34757,"tt":278021.5350999832,"te":278030.8709001541,"total_time":9.335800170898438}]}