{"min":130225,"array":[{"result":[49,12,114,99,63,57,90,60,61,58,59,115,89,2,9,119,10,8,22,21,3,23,5,105,107,14,113,104,6,0,15,1,34,36,35,39,102,44,43,56,53,47,117,52,48,45,93,111,110,106,126,92,94,122,97,96,27,121,32,31,28,24,25,26,79,78,30,29,37,38,41,33,42,40,13,11,19,16,20,18,7,71,66,72,17,76,73,67,74,75,77,116,83,80,125,81,82,101,100,62,118,68,69,70,108,95,87,86,85,84,109,103,124,91,88,98,64,112,65,46,54,51,123,55,120,4,50,49],"resultPathLength":130225,"tt":201268.75909996033,"te":201352.89309978485,"total_time":84.13399982452393}]}