{"min":2033,"array":[{"result":[9,19,20,1,2,28,25,4,8,11,5,27,0,23,7,26,22,6,24,10,21,13,16,17,14,3,18,15,12,9],"resultPathLength":2033,"tt":270826.67039966583,"te":270829.0158996582,"total_time":2.3454999923706055}]}