{"min":23165,"array":[{"result":[12,78,87,26,23,40,83,14,68,15,62,90,53,72,38,76,42,3,70,92,43,59,52,2,82,39,4,61,34,50,36,18,99,29,1,47,91,86,25,54,8,9,55,94,20,11,27,46,19,24,81,17,5,84,58,63,95,85,64,13,32,67,44,98,30,77,56,71,75,79,60,73,6,74,66,35,28,57,21,41,22,45,51,7,65,37,80,33,10,88,69,97,48,89,16,96,31,93,49,0,12],"resultPathLength":23165,"tt":260504.29659986496,"te":260546.02619981766,"total_time":41.729599952697754}]}