{"min":23752,"array":[{"result":[91,9,13,56,35,73,32,99,80,44,96,86,95,51,10,83,47,43,65,18,48,17,28,36,15,62,50,8,77,81,6,25,60,31,23,45,11,39,52,0,84,26,14,12,78,63,19,41,54,66,46,30,64,79,76,5,74,21,7,16,24,89,33,57,97,27,87,38,37,70,55,4,42,85,94,93,75,69,90,49,82,71,61,53,1,34,67,22,20,29,88,58,40,72,2,68,59,3,92,98,91],"resultPathLength":23752,"tt":265409.3369998932,"te":265469.8755002022,"total_time":60.53850030899048}]}