{"min":34264,"array":[{"result":[39,14,11,32,19,46,20,31,38,47,4,41,23,9,44,34,3,25,1,28,40,33,13,24,12,10,22,2,21,15,0,7,8,37,30,43,17,6,27,29,42,16,26,18,36,5,35,45,39],"resultPathLength":34264,"tt":36427.09980010986,"te":36435.78989982605,"total_time":8.690099716186523}]}