{"min":953,"array":[{"result":[1,2,3,5,4,6,7,8,15,18,19,17,16,20,21,25,22,23,24,11,12,10,9,13,14,0,1],"resultPathLength":953,"tt":279798.56419992447,"te":279801.84450006485,"total_time":3.2803001403808594}]}