{"min":698,"array":[{"result":[75,76,2,67,79,11,25,52,27,100,93,94,5,88,51,26,68,0,30,87,6,81,47,46,18,61,9,69,29,31,89,62,10,63,48,35,45,44,7,17,82,59,4,83,16,60,15,85,43,37,90,84,92,95,98,58,91,97,36,99,41,13,42,14,56,1,96,86,12,57,39,20,72,73,74,40,21,71,3,38,55,22,66,24,54,53,23,28,78,77,33,70,34,64,65,19,50,8,80,32,49,75],"resultPathLength":698,"tt":232811.2128996849,"te":232857.14189958572,"total_time":45.92899990081787}]}