{"min":118454,"array":[{"result":[53,52,54,55,57,56,58,59,40,39,33,34,35,36,37,38,60,61,63,62,72,71,70,64,65,50,51,48,49,66,69,67,68,46,47,43,44,45,26,25,23,24,20,21,22,0,74,75,1,2,3,5,7,6,8,11,12,13,73,14,15,17,16,10,9,4,19,30,18,29,28,31,32,27,42,41,53],"resultPathLength":118454,"tt":275052.85769987106,"te":275073.7410001755,"total_time":20.883300304412842}]}