{"min":729,"array":[{"result":[64,63,10,55,66,47,53,61,32,11,33,20,60,39,44,38,24,45,26,8,67,43,42,16,40,5,41,17,3,1,6,31,2,13,29,19,27,7,25,48,54,18,23,14,56,65,52,4,37,21,62,58,68,34,69,30,28,12,22,35,0,15,46,36,57,49,9,51,59,50,64],"resultPathLength":729,"tt":276988.858399868,"te":277008.6877999306,"total_time":19.829400062561035}]}