{"min":2038,"array":[{"result":[17,14,3,19,9,12,20,1,28,2,25,4,8,11,5,27,0,7,23,15,26,22,6,24,18,10,21,16,13,17],"resultPathLength":2038,"tt":306735.95289993286,"te":306741.3892002106,"total_time":5.436300277709961}]}