{"min":695,"array":[{"result":[53,61,32,11,33,20,16,42,8,39,60,38,24,44,45,26,67,43,29,13,19,27,7,25,48,54,18,6,31,2,41,40,5,17,3,1,23,14,56,62,65,58,21,34,68,69,28,12,30,37,22,35,0,15,46,36,57,49,52,4,9,51,59,50,64,63,55,10,47,66,53],"resultPathLength":695,"tt":304320.90700006485,"te":304338.77820014954,"total_time":17.87120008468628}]}