{"min":937,"array":[{"result":[4,5,3,2,1,0,24,23,22,25,21,20,16,17,19,18,15,10,11,12,14,13,9,8,7,6,4],"resultPathLength":937,"tt":308102.1424999237,"te":308105.52120018005,"total_time":3.3787002563476562}]}