{"min":108530,"array":[{"result":[499,482,477,470,431,400,376,388,397,368,355,329,335,349,326,300,319,292,228,265,172,138,156,273,116,250,336,198,237,216,238,219,310,289,301,284,277,255,239,221,191,242,243,313,316,330,340,352,362,385,377,405,420,451,445,456,464,463,471,472,474,475,488,484,479,487,465,421,346,360,353,382,389,442,498,486,478,496,507,511,515,512,517,514,505,506,502,510,516,519,520,523,524,522,526,529,527,528,513,509,525,503,508,521,490,440,410,384,371,359,354,374,411,393,369,392,370,348,342,334,328,267,222,212,201,234,151,164,171,170,141,183,87,94,68,97,120,60,61,115,136,126,127,121,100,91,40,55,49,75,135,130,145,158,181,186,187,193,203,174,182,169,102,119,122,108,90,72,66,74,77,85,118,134,133,155,165,189,199,206,204,208,223,197,166,175,178,167,192,160,150,149,140,128,106,88,101,109,117,139,110,104,69,57,67,39,20,26,30,38,35,36,34,33,32,29,31,28,24,17,19,16,14,11,10,12,13,9,8,7,6,1,0,5,3,4,2,18,15,21,22,23,25,27,37,42,43,45,44,41,46,47,53,64,58,52,50,51,54,56,80,89,81,92,93,86,99,103,114,132,125,113,112,107,124,147,137,157,148,152,177,190,179,188,217,209,220,236,230,254,263,279,309,290,287,305,341,357,398,386,413,415,414,412,408,433,428,447,459,450,452,443,438,437,435,424,407,402,396,425,422,419,426,423,401,391,381,387,403,404,390,380,372,367,375,378,358,366,347,363,351,356,365,361,345,324,306,303,297,288,296,286,270,261,251,224,218,229,252,308,322,332,350,337,321,314,282,274,266,259,268,258,262,275,271,235,241,215,202,195,184,154,185,162,163,143,144,131,142,129,111,95,73,70,82,62,59,65,48,63,71,78,84,105,96,98,76,79,83,123,159,168,196,210,246,232,205,213,214,240,285,327,338,320,302,333,343,339,323,291,272,257,256,281,304,311,318,299,295,260,264,293,276,253,245,176,161,146,153,180,173,211,200,225,233,249,269,244,247,248,207,226,194,227,231,294,312,315,307,298,278,280,283,317,325,344,331,364,383,395,394,373,379,399,430,466,455,417,406,409,418,416,429,436,434,432,444,446,462,467,469,468,460,476,480,489,497,500,494,530,531,518,504,493,473,441,427,449,457,454,453,439,448,458,461,483,492,495,491,501,481,485,499],"resultPathLength":108530,"tt":53314.44600009918,"te":55633.36040019989,"total_time":2318.914400100708}]}