{"min":6690,"array":[{"result":[74,64,51,8,56,55,81,100,122,110,118,83,31,35,112,88,109,42,126,103,106,67,97,24,47,62,69,96,25,6,87,68,85,63,123,128,60,108,75,10,4,44,15,127,104,61,27,114,111,116,70,38,40,0,129,49,1,117,45,79,19,92,20,17,7,107,125,113,2,82,29,58,124,89,84,65,77,120,32,21,36,22,46,39,43,41,3,34,53,16,33,30,26,18,99,115,94,23,28,14,93,76,80,102,86,11,78,37,105,57,48,52,119,50,59,54,121,95,12,66,13,9,101,5,90,71,91,72,98,73,74],"resultPathLength":6690,"tt":229863.39650011063,"te":229961.7245001793,"total_time":98.32800006866455}]}