{"min":6860,"array":[{"result":[65,27,114,61,111,104,127,15,44,4,10,75,108,60,128,123,63,85,68,87,25,96,69,6,62,67,109,97,47,24,112,31,35,83,118,76,102,110,122,100,81,56,8,51,74,73,98,91,72,55,64,80,11,86,37,94,78,115,23,28,88,93,14,99,26,18,42,106,126,103,30,16,33,53,3,34,43,41,50,59,119,52,105,48,57,71,90,5,101,9,13,66,12,95,54,121,22,46,39,36,21,92,20,32,120,77,125,113,107,7,17,45,19,117,79,1,49,129,0,40,70,38,116,2,82,29,58,89,124,84,65],"resultPathLength":6860,"tt":201596.05329990387,"te":201668.62309980392,"total_time":72.56979990005493}]}