{"min":23640,"array":[{"result":[87,26,23,80,51,7,65,37,33,49,0,93,31,96,16,10,89,97,48,69,88,41,22,21,57,28,35,74,66,6,73,60,45,68,75,79,71,56,30,98,77,44,32,67,13,64,95,85,15,62,90,53,76,42,63,58,17,84,81,11,27,46,20,94,55,9,8,19,24,5,39,82,2,4,54,86,25,91,47,1,18,50,36,99,29,34,61,52,43,59,92,3,70,38,72,14,83,40,78,12,87],"resultPathLength":23640,"tt":293447.0331001282,"te":293495.70910024643,"total_time":48.676000118255615}]}