{"min":22747,"array":[{"result":[96,3,64,25,65,69,21,15,87,93,17,23,37,98,35,71,20,73,58,14,16,10,31,44,90,97,22,76,59,61,19,85,34,26,11,54,82,33,45,28,42,2,13,70,40,99,47,29,38,51,77,95,4,36,32,75,12,94,81,84,72,67,49,43,1,53,39,63,68,24,80,86,8,6,56,50,60,57,66,27,92,0,46,62,5,48,89,9,83,78,52,18,74,91,7,41,30,88,79,55,96],"resultPathLength":22747,"tt":237837.54539966583,"te":237881.6886997223,"total_time":44.14330005645752}]}