{"min":585,"array":[{"result":[46,68,35,70,59,69,19,36,4,14,56,12,53,18,13,58,65,10,64,37,52,6,34,7,51,45,33,66,75,25,57,9,30,24,54,17,49,8,38,71,11,39,31,43,2,23,48,22,55,42,40,41,63,60,20,73,29,1,27,61,21,0,72,32,62,15,16,50,5,67,74,3,26,44,28,47,46],"resultPathLength":585,"tt":236214.49669981003,"te":236239.44209957123,"total_time":24.94539976119995}]}