{"min":734,"array":[{"result":[25,26,23,22,21,20,19,18,17,16,15,14,13,12,10,11,9,24,8,7,6,5,2,3,4,39,40,41,1,0,38,37,36,35,34,33,31,32,30,29,28,27,25],"resultPathLength":734,"tt":279139.49230003357,"te":279147.5230998993,"total_time":8.030799865722656}]}