{"min":443,"array":[{"result":[9,48,4,37,10,31,0,26,50,45,11,46,3,17,5,47,7,21,1,15,49,33,29,8,20,28,19,34,35,2,27,30,25,6,22,42,23,13,24,12,40,18,39,41,43,16,36,14,44,32,38,9],"resultPathLength":443,"tt":235547.87529993057,"te":235555.41639995575,"total_time":7.541100025177002}]}