{"min":34758,"array":[{"result":[18,26,16,42,29,27,6,17,43,30,37,8,7,0,21,15,40,33,2,39,14,19,46,20,12,47,4,28,1,41,25,3,34,44,9,23,31,38,24,13,22,10,11,32,45,35,5,36,18],"resultPathLength":34758,"tt":36534.02869987488,"te":36545.57509994507,"total_time":11.54640007019043}]}