{"min":34119,"array":[{"result":[33,28,1,25,3,44,34,9,23,41,4,47,38,31,20,46,19,32,45,35,29,42,16,26,18,5,36,27,6,17,43,30,37,7,0,8,39,14,11,10,12,24,13,22,2,21,15,40,33],"resultPathLength":34119,"tt":8162.528200149536,"te":8169.6275000572205,"total_time":7.099299907684326}]}