{"min":6853,"array":[{"result":[41,43,39,46,22,21,36,92,20,32,125,29,82,114,27,65,124,84,89,58,120,77,12,66,95,13,9,5,101,121,54,59,50,119,52,48,57,105,53,16,33,30,99,115,78,94,23,28,76,102,80,11,86,37,91,90,71,72,98,74,73,51,64,55,56,8,81,100,110,122,118,35,83,112,31,47,24,62,67,97,109,93,88,14,18,26,42,103,106,126,69,96,6,25,87,85,68,63,123,128,60,108,10,4,75,44,15,127,61,104,111,116,38,70,40,0,129,49,1,17,7,107,113,2,79,45,19,117,34,3,41],"resultPathLength":6853,"tt":207348.40520000458,"te":207482.91120004654,"total_time":134.50600004196167}]}