{"min":1777,"array":[{"result":[215,238,236,240,251,283,282,292,281,280,279,291,303,317,309,308,316,344,343,341,342,340,339,338,337,315,307,301,297,288,289,298,302,290,278,277,249,248,232,231,262,247,263,264,233,222,218,223,234,207,209,210,196,211,212,213,201,199,200,198,197,195,194,193,164,169,170,165,166,171,156,151,155,139,140,136,97,96,83,47,13,48,49,50,59,60,70,69,58,87,95,135,134,133,132,130,131,111,68,57,82,81,80,67,56,45,46,12,37,36,35,34,33,11,32,31,10,66,28,44,30,29,9,27,26,25,8,24,23,7,22,6,5,20,21,19,43,18,17,4,3,2,16,1,40,41,53,42,64,74,85,90,63,73,62,52,72,84,88,61,71,39,15,0,38,14,76,112,129,163,167,172,174,173,175,202,217,219,237,225,224,208,214,216,235,229,241,239,253,250,276,325,347,348,346,349,367,391,404,390,401,416,413,414,412,403,389,393,410,364,345,366,326,321,310,311,304,286,271,270,265,266,242,268,267,256,255,220,226,227,228,221,204,203,205,206,181,180,179,178,176,177,168,159,158,157,154,152,141,121,109,110,119,120,118,117,116,114,115,143,146,144,153,147,145,142,138,137,113,103,89,104,105,106,108,107,91,65,75,54,55,51,77,86,92,98,99,93,79,78,94,101,102,100,149,150,128,127,126,124,125,123,122,148,160,161,162,182,183,184,185,186,187,188,189,190,192,191,230,285,275,274,260,261,259,258,246,245,244,243,269,257,273,272,284,312,328,327,350,351,365,352,353,377,368,354,330,329,322,320,306,314,300,296,287,299,305,313,319,334,331,332,333,335,336,360,359,358,357,370,356,355,369,394,386,380,385,379,384,392,378,417,418,405,406,407,395,381,396,383,387,382,371,361,362,372,373,363,398,388,397,402,419,420,421,422,408,409,415,411,399,400,374,375,376,324,318,323,293,294,295,254,252,215],"resultPathLength":1777,"tt":131410.90639972687,"te":132338.44490003586,"total_time":927.5385003089905}]}