{"min":34130,"array":[{"result":[103,54,143,152,23,104,76,17,44,16,191,40,147,101,43,129,199,18,150,136,91,118,35,95,161,134,159,192,21,87,22,138,172,114,190,153,176,162,53,115,51,195,185,83,6,57,168,71,36,183,140,64,187,78,112,178,46,80,55,99,100,25,68,149,74,29,126,123,79,19,37,151,107,165,137,133,180,48,85,9,67,110,188,189,116,193,61,131,4,66,196,39,38,197,69,148,52,169,72,84,121,10,92,2,157,27,90,128,96,75,98,7,28,135,58,166,174,31,106,97,94,0,141,122,20,89,173,11,160,70,26,8,45,24,145,33,56,93,179,175,60,171,34,156,130,198,177,144,65,132,167,113,73,164,59,86,88,42,184,117,13,119,124,63,181,82,3,5,14,32,146,111,127,120,81,41,109,155,50,194,30,47,62,186,125,154,12,77,1,108,15,102,158,105,139,182,49,163,142,170,103],"resultPathLength":34130,"tt":245756.8734998703,"te":245946.36049985886,"total_time":189.4869999885559}]}