{"min":1878,"array":[{"result":[68,77,78,79,70,62,69,61,47,22,21,1,23,48,2,24,49,3,25,50,51,26,4,27,28,5,6,29,7,8,30,52,59,64,72,90,81,91,83,73,65,100,120,118,119,121,109,101,74,84,53,9,31,32,10,33,34,11,36,35,54,66,60,56,37,38,12,13,40,39,41,14,16,43,42,17,44,45,57,58,87,88,104,105,122,112,111,110,86,67,85,92,102,75,103,148,149,147,146,145,144,143,142,141,140,139,138,155,156,181,180,194,179,193,192,169,177,178,206,205,204,225,223,224,239,258,242,243,226,227,228,229,245,230,231,232,254,264,265,291,290,289,277,263,276,294,303,316,302,315,334,346,335,344,343,359,360,361,355,354,381,380,382,383,384,385,386,388,389,390,364,365,391,399,400,401,410,377,376,374,375,373,372,370,371,369,368,366,367,357,330,336,351,347,337,348,352,331,349,338,327,332,323,326,322,310,321,320,308,309,307,306,318,329,317,304,305,295,279,266,267,259,255,246,233,234,208,195,211,198,184,171,185,186,161,162,150,160,159,157,165,183,170,182,189,196,209,210,235,236,237,248,249,238,268,269,281,324,325,283,273,271,328,339,333,350,353,392,358,395,393,396,415,432,433,431,429,430,413,427,428,424,435,426,425,412,411,405,409,403,398,387,397,402,404,408,423,418,417,422,434,421,416,420,419,407,414,406,363,378,394,379,362,356,345,319,340,296,313,312,341,342,297,314,298,299,300,301,293,275,257,253,261,240,241,221,222,191,167,174,164,153,127,125,126,152,166,173,163,172,151,123,124,158,188,197,187,190,213,247,212,244,262,270,272,282,278,280,284,311,292,286,285,287,288,274,260,252,256,250,251,214,216,215,217,218,219,220,200,199,201,207,202,203,176,168,175,154,129,130,131,132,133,134,135,136,137,98,99,63,80,71,97,116,117,128,115,114,96,89,95,113,108,107,106,76,93,94,82,55,15,46,18,19,20,0,68],"resultPathLength":1878,"tt":85972.69799995422,"te":87115.58400011063,"total_time":1142.8860001564026}]}