{"min":34933,"array":[{"result":[13,2,21,15,0,7,8,37,30,43,17,6,27,29,42,16,26,18,36,5,35,45,32,19,46,20,31,38,47,4,41,23,9,44,34,3,25,1,28,40,33,22,39,14,11,10,12,24,13],"resultPathLength":34933,"tt":270315.6432995796,"te":270326.2103996277,"total_time":10.567100048065186}]}