{"min":34066,"array":[{"result":[33,40,28,1,25,3,34,44,23,9,41,4,47,38,31,20,12,24,13,22,10,46,19,11,14,39,32,45,35,29,42,16,26,18,36,5,27,6,17,43,30,37,8,7,0,21,15,2,33],"resultPathLength":34066,"tt":27801.95710015297,"te":27806.332200050354,"total_time":4.3750998973846436}]}