{"min":3212,"array":[{"result":[24,21,25,26,20,19,130,131,18,16,17,132,133,268,269,15,270,272,271,273,260,259,258,257,261,262,263,264,265,136,135,267,134,266,137,139,140,138,148,149,177,150,176,151,155,152,154,153,124,30,29,32,31,28,27,127,129,128,126,125,123,122,121,119,120,118,156,157,158,175,180,181,182,161,160,174,159,173,106,172,105,104,103,89,102,100,101,91,90,92,79,80,88,108,107,109,81,82,83,87,111,110,113,114,112,86,115,116,117,60,59,42,41,43,40,39,38,33,34,35,37,36,49,48,50,51,52,53,54,47,46,45,44,55,56,58,57,62,61,85,84,64,63,65,70,69,68,67,66,71,72,75,73,74,77,76,78,94,95,96,93,97,98,99,168,167,166,169,171,170,165,164,163,162,183,184,185,186,188,187,189,190,191,192,179,178,147,141,146,145,142,144,143,199,198,197,196,193,194,195,200,201,202,203,205,204,212,211,206,207,208,209,210,213,214,216,215,219,220,221,218,217,222,224,223,225,226,227,228,232,233,234,235,236,237,231,230,239,244,238,245,250,229,249,248,254,252,251,253,256,255,247,246,243,242,240,241,1,0,2,279,278,277,3,276,275,274,8,5,4,6,7,9,10,11,14,12,13,23,22,24],"resultPathLength":3212,"tt":10247.391399860382,"te":10725.051000118256,"total_time":477.65960025787354}]}