{"min":457,"array":[{"result":[28,19,34,35,2,1,15,49,8,37,10,31,26,47,7,25,30,27,21,0,11,46,17,3,16,36,14,32,44,43,41,39,18,40,12,24,13,23,42,6,22,5,50,45,4,48,9,38,29,33,20,28],"resultPathLength":457,"tt":241923.8095998764,"te":241934.11359977722,"total_time":10.303999900817871}]}