{"min":722,"array":[{"result":[0,15,46,57,36,49,50,55,64,63,10,66,47,61,53,32,59,51,9,4,52,5,40,42,16,11,20,33,39,60,38,24,44,45,26,8,67,43,29,19,13,2,41,17,3,6,1,31,27,7,25,48,54,18,23,56,14,65,62,21,58,34,68,30,69,28,12,37,22,35,0],"resultPathLength":722,"tt":268716.7998995781,"te":268732.53549957275,"total_time":15.735599994659424}]}