{"min":23879,"array":[{"result":[96,74,48,89,5,62,46,27,92,0,91,7,41,55,79,30,88,66,57,60,50,86,8,56,6,84,67,24,80,68,63,39,53,1,43,72,49,81,12,94,75,32,36,4,51,77,95,38,29,47,99,40,70,13,2,42,28,45,33,54,82,11,19,26,34,85,61,59,76,97,22,90,44,31,10,16,14,58,20,73,71,9,83,35,98,37,23,17,78,18,52,87,15,21,93,69,25,65,64,3,96],"resultPathLength":23879,"tt":244418.1957001686,"te":244461.66480016708,"total_time":43.46909999847412}]}