{"min":111226,"array":[{"result":[376,368,355,329,273,250,382,389,353,360,336,237,198,238,216,219,242,289,310,346,301,284,277,243,221,191,239,255,313,316,340,330,362,352,377,385,405,420,451,464,471,474,472,463,475,484,488,505,506,510,516,519,520,512,511,515,522,523,524,526,529,528,513,527,507,517,514,487,502,479,465,456,445,421,478,496,442,486,498,509,525,508,521,503,470,410,440,477,482,490,499,485,501,481,448,461,458,457,454,453,439,411,393,392,370,369,364,383,394,395,427,441,430,449,494,493,492,483,495,491,504,518,530,531,497,500,489,480,473,466,455,417,379,373,399,406,432,446,476,460,469,468,467,462,444,434,436,429,418,416,423,425,422,437,435,438,443,428,408,424,459,452,450,447,433,415,412,414,413,398,386,402,407,396,403,404,419,426,409,391,401,387,372,367,361,345,341,309,290,279,263,217,220,254,230,236,209,177,152,179,190,188,202,215,241,235,271,287,305,306,324,357,380,390,381,375,365,356,363,378,366,358,338,327,351,347,314,321,308,337,350,332,322,303,297,266,259,261,251,229,224,195,184,162,154,163,196,185,210,218,252,270,268,258,275,262,286,296,288,246,232,282,274,285,240,260,264,299,295,214,213,205,144,129,143,111,95,84,96,105,131,98,123,142,159,168,192,167,160,150,149,139,140,117,128,104,106,110,83,79,76,78,71,63,48,59,73,82,65,62,53,64,70,86,114,132,147,148,157,137,124,125,113,112,107,103,93,99,92,80,89,81,58,56,54,44,46,45,50,51,52,47,43,36,34,41,33,31,32,29,28,23,22,24,19,16,14,11,10,13,17,12,9,8,7,5,6,1,0,2,3,4,15,21,25,27,35,42,37,38,30,18,26,20,39,67,57,69,88,101,109,118,108,119,122,90,66,72,74,77,85,133,155,134,165,161,176,153,146,102,55,75,49,40,91,130,135,158,181,207,186,187,174,180,173,169,182,193,203,244,247,248,269,283,298,280,278,249,233,211,256,257,272,281,291,253,245,225,200,199,206,189,178,175,166,197,208,204,223,276,293,311,318,304,302,320,333,343,339,323,307,312,315,317,294,344,331,325,334,342,348,319,326,183,170,171,164,201,151,212,234,265,228,292,349,335,116,156,138,97,68,172,94,87,61,60,141,120,127,126,121,136,115,100,145,194,222,226,227,231,267,300,328,374,371,354,359,384,397,388,431,400,376],"resultPathLength":111226,"tt":64541.32109975815,"te":66397.26119995117,"total_time":1855.9401001930237}]}