{"min":437,"array":[{"result":[8,37,10,31,21,0,5,23,42,6,25,7,30,27,2,35,34,19,28,1,15,49,20,33,29,9,38,32,44,14,43,41,18,39,40,12,24,13,22,47,26,50,45,11,46,17,3,16,36,4,48,8],"resultPathLength":437,"tt":267390.3035001755,"te":267401.19059991837,"total_time":10.887099742889404}]}